"method","path","tags","operation_id","summary"
"DELETE","/acquisitions/orders/{order_id}","orders","deleteOrder","Delete order"
"DELETE","/acquisitions/vendors/{vendor_id}","vendors","deleteVendor","Delete vendor"
"DELETE","/advanced_editor/macros/{advancededitormacro_id}","macros","deleteAdvancedEditorMacro","Delete advanced editor macro"
"DELETE","/advanced_editor/macros/shared/{advancededitormacro_id}","macros","deletesharedAdvancedEditorMacro","Delete shared advanced editor macro"
"DELETE","/article_requests/{article_request_id}","article_requests","cancelArticleRequest","Cancel article requests"
"DELETE","/auth/identity_providers/{identity_provider_id}","identity_providers","delIdentityProvider","Delete identity provider"
"DELETE","/auth/identity_providers/{identity_provider_id}/domains/{identity_provider_domain_id}","identity_providers","delIdentityProviderDomain","Delete identity provider"
"DELETE","/authorities/{authority_id}","authorities","deleteAuthority","Delete authority"
"DELETE","/biblios/{biblio_id}","biblios","deleteBiblio","Delete biblio"
"DELETE","/biblios/{biblio_id}/item_groups/{item_group_id}","item_groups","deleteItemGroup","Delete item group"
"DELETE","/biblios/{biblio_id}/item_groups/{item_group_id}/items/{item_id}","item_groups","deleteItemGroupItems","Delete item from item group"
"DELETE","/bookings/{booking_id}","bookings","deleteBooking","Delete booking"
"DELETE","/cities/{city_id}","cities","deleteCity","Delete city"
"DELETE","/config/file_transports/{file_transport_id}","file_transports","deleteFileTransportServer","Delete File transport"
"DELETE","/config/smtp_servers/{smtp_server_id}","smtp_servers","deleteSMTPServer","Delete SMTP server"
"DELETE","/erm/agreements/{agreement_id}","erm_agreements","deleteErmAgreements","Delete agreement"
"DELETE","/erm/counter_files/{erm_counter_files_id}","erm_counter_files","deleteERMCounterFiles","Delete counter_file"
"DELETE","/erm/default_usage_reports/{erm_default_usage_report_id}","erm_default_usage_reports","deleteERMDefaultUsageReports","Delete default_usage_report"
"DELETE","/erm/eholdings/{provider}/packages/{package_id}","erm_eholdings_packages","deleteErmEHoldingsPackages","Delete eHoldings package"
"DELETE","/erm/eholdings/{provider}/titles/{title_id}","erm_eholdings_titles","deleteErmEHoldingsTitles","Delete eHolding title"
"DELETE","/erm/licenses/{license_id}","erm_licences","deleteERMlicenses","Delete license"
"DELETE","/erm/usage_data_providers/{erm_usage_data_provider_id}","erm_usage_data_providers","deleteERMUsageDataProviders","Delete usage_data_provider"
"DELETE","/holds/{hold_id}","holds","deleteHold","Cancel hold"
"DELETE","/holds/{hold_id}/suspension","holds","resumeHold","Resume hold"
"DELETE","/holds/cancellation_bulk","holds","deleteHolds","Cancel holds"
"DELETE","/ill/batches/{ill_batch_id}","ill_batches","deleteBatch","Delete ILL batch"
"DELETE","/ill/batchstatuses/{ill_batchstatus_code}","ill_batchstatuses","deleteBatchstatus","Delete ILL batch status"
"DELETE","/ill/iso18626_requesting_agencies/{iso18626_requesting_agency_id}","iso18626_requesting_agencies","deleteIso18626IllrequestingAgency","Delete ISO18626 ILL requesting agency"
"DELETE","/import_batch_profiles/{import_batch_profile_id}","batch_import_profiles","deleteImportBatchProfiles","Delete batch import profile"
"DELETE","/import_batches/{import_batch_id}/records/{import_record_id}/matches/chosen","import_batches","unsetChosen","Unset the chosen match for an import record ID"
"DELETE","/items/{item_id}","items","deleteItem","Delete item"
"DELETE","/items/{item_id}/bundled_items/{bundled_item_id}","items","removeFromBundle","Remove item from bundle"
"DELETE","/libraries/{library_id}","libraries","deleteLibrary","Delete library"
"DELETE","/patrons/{patron_id}","patrons","deletePatron","Delete patron"
"DELETE","/patrons/{patron_id}/extended_attributes/{extended_attribute_id}","patrons","deletePatronAttribute","Delete extended attribute"
"DELETE","/patrons/{patron_id}/hold_groups/{hold_group_id}","hold_groups","deletePatronHoldGroups","Delete hold group"
"DELETE","/preservation/processings/{processing_id}","preservation","deletePreservationProcessings","Delete processing"
"DELETE","/preservation/trains/{train_id}","preservation","deletePreservationTrains","Delete train"
"DELETE","/preservation/trains/{train_id}/items/{train_item_id}","preservation","removeItemFromTrain","Remove item from train"
"DELETE","/preservation/waiting-list/items/{item_id}","preservation","removeItemFromWaitingList","Remove item from waiting list"
"DELETE","/public/patrons/{patron_id}/article_requests/{article_request_id}","article_requests","publicCancelPatronArticleRequest","Cancel patron's article requests"
"DELETE","/public/patrons/{patron_id}/holds/{hold_id}","patrons","cancelPatronHoldPublic","Cancel a patron's hold (public)"
"DELETE","/quotes/{quote_id}","quotes","deleteQuote","Delete quote"
"DELETE","/record_sources/{record_source_id}","record_sources","deleteRecordSources","Delete a record source"
"DELETE","/return_claims/{claim_id}","return_claims","deletedClaim","Delete claim"
"DELETE","/rotas/{rota_id}","stockrotation","deleteRota","Delete rota"
"DELETE","/search_filters/{search_filter_id}","search_filters","deleteSearchFilter","Delete search filter"
"DELETE","/sip2/accounts/{sip_account_id}","sip2_accounts","deleteSip2Accounts","Delete account"
"DELETE","/sip2/institutions/{sip_institution_id}","sip2_institutions","deleteSip2Institutions","Delete institution"
"DELETE","/sip2/system_preference_overrides/{sip_system_preference_override_id}","sip2_system_preference_overrides","deleteSip2SystemPreferenceOverrides","Delete system preference override"
"DELETE","/suggestions/{suggestion_id}","suggestions","deleteSuggestion","Delete purchase suggestion"
"DELETE","/tickets/{ticket_id}","tickets","deleteTicket","Delete ticket"
"DELETE","/transfer_limits/{limit_id}","transfer_limits","deleteTransferLimit","Delete transfer limit"
"DELETE","/transfer_limits/batch","transfer_limits","batchDeleteTransferLimits","Batch delete transfer limits"
"GET","/acquisitions/baskets","baskets","listBaskets","List of baskets"
"GET","/acquisitions/baskets/managers","baskets","listBasketsManagers","List possible managers for baskets"
"GET","/acquisitions/edifiles","edi_files","listEdifactFiles","List EDIFACT files"
"GET","/acquisitions/funds","funds","listFunds","List funds"
"GET","/acquisitions/funds/owners","funds","listFundsOwners","List possibe owners for funds"
"GET","/acquisitions/funds/users","funds","listFundsUsers","List possibe users for funds"
"GET","/acquisitions/orders","orders","listOrders","List orders"
"GET","/acquisitions/orders/{order_id}","orders","getOrder","Get order"
"GET","/acquisitions/vendors","vendors","listVendors","List vendors"
"GET","/acquisitions/vendors/{vendor_id}","vendors","getVendor","Get vendor"
"GET","/acquisitions/vendors/{vendor_id}/issues","vendors","listVendorIssues","List vendor issues"
"GET","/acquisitions/vendors/config","vendors_config","getVendorsconfig","get the Vendors config"
"GET","/acquisitions/vendors/extended_attribute_types","additional_fields","listAcquisitionVendorsAdditionalFields","List acquisition vendors extended attribute types"
"GET","/action_logs","action_logs","listActionLogs","List action logs"
"GET","/advanced_editor/macros","macros","listMacro","List advanced editor macros"
"GET","/advanced_editor/macros/{advancededitormacro_id}","macros","getAdvancedEditorMacro","Get advanced editor macro"
"GET","/advanced_editor/macros/shared/{advancededitormacro_id}","macros","getsharedAdvancedEditorMacro","Get shared advanced editor macro"
"GET","/auth/identity_providers","identity_providers","listIdentityProviders","List configured identity providers"
"GET","/auth/identity_providers/{identity_provider_id}","identity_providers","getIdentityProvider","Get identity provider"
"GET","/auth/identity_providers/{identity_provider_id}/domains","identity_providers","listIdentityProviderDomains","Get identity provider configured domains"
"GET","/auth/identity_providers/{identity_provider_id}/domains/{identity_provider_domain_id}","identity_providers","getIdentityProviderDomain","Get identity provider domain"
"GET","/authorised_value_categories","authorised_value_categories","listAuthorisedValueCategories","List authorised value categories"
"GET","/authorised_value_categories/{authorised_value_category_name}/authorised_values","authorised_values","listAuthorisedValues","List authorised values for a given category"
"GET","/authorities","authorities","listAuthorities","List authorities"
"GET","/authorities/{authority_id}","authorities","getAuthority","Get authority"
"GET","/biblios","biblios","listBiblio","List biblios"
"GET","/biblios/{biblio_id}","biblios","getBiblio","Get biblio"
"GET","/biblios/{biblio_id}/bookings","bookings","getBiblioBookings","Get bookings for a biblio"
"GET","/biblios/{biblio_id}/checkouts","checkouts","listBiblioCheckouts","List checkouts for a biblio"
"GET","/biblios/{biblio_id}/item_groups","item_groups","listItemGroups","List item_groups"
"GET","/biblios/{biblio_id}/item_groups/{item_group_id}","item_groups","getItemGroup","Get item group"
"GET","/biblios/{biblio_id}/items","biblios","getBiblioItems","Get items for a biblio"
"GET","/biblios/{biblio_id}/pickup_locations","biblios","getBiblioPickupLocations","Get valid pickup locations for a biblio"
"GET","/bookings","bookings","listBookings","List bookings"
"GET","/bookings/{booking_id}","bookings","getBooking","Get booking"
"GET","/cash_registers","cash_registers","listCashRegisters","List cash registers"
"GET","/cash_registers/{cash_register_id}/cashups","cashups","listCashups","List cashups for the cash register"
"GET","/cashups/{cashup_id}","cashups","getCashup","Get cashup"
"GET","/checkouts","checkouts","listCheckouts","List checkouts"
"GET","/checkouts/{checkout_id}","checkouts","getCheckout","Get checkout"
"GET","/checkouts/{checkout_id}/allows_renewal","checkouts","allows_renewalCheckout","Get renewability for a checkout"
"GET","/checkouts/{checkout_id}/renewals","checkouts","getRenewals","List renewals for a checkout"
"GET","/checkouts/availability","checkouts","availabilityCheckouts","Get checkout availability"
"GET","/circulation_rules","circulation_rules","listCirculationRules","Get circulation rules for a given item type/library/patron combination."
"GET","/circulation_rules/kinds","circulation_rules","getCirculationRuleKinds","Get circulation rules kinds"
"GET","/cities","cities","listCities","List cities"
"GET","/cities/{city_id}","cities","getCity","Get city"
"GET","/config/file_transports","file_transports","listFileTransportServers","List File transports"
"GET","/config/file_transports/{file_transport_id}","file_transports","getFileTransportServer","Get File transport"
"GET","/config/search_mappings","search_mappings","getSearchMappings","Get search field mappings"
"GET","/config/smtp_servers","smtp_servers","listSMTPServers","List SMTP servers"
"GET","/config/smtp_servers/{smtp_server_id}","smtp_servers","getSMTPServer","Get SMTP server"
"GET","/deleted/biblios","biblios","listDeletedBiblios","List deleted biblios"
"GET","/deleted/biblios/{biblio_id}","biblios","getDeletedBiblio","Get deleted biblio"
"GET","/deleted/items","items","listDeletedItems","List deleted items"
"GET","/deleted/items/{item_id}","items","getDeletedItem","Get deleted item"
"GET","/erm/agreements","erm_agreements","listErmAgreements","List agreements"
"GET","/erm/agreements/{agreement_id}","erm_agreements","getErmAgreements","Get agreement"
"GET","/erm/config","erm_config","getERMconfig","get the ERM config"
"GET","/erm/counter_files","erm_counter_files","listErmCounterFiles","List counter_files"
"GET","/erm/counter_files/{erm_counter_files_id}/file/content","erm_counter_files","downloadCounterFile","Download Counter file"
"GET","/erm/counter_logs","erm_counter_logs","listErmCounterLogs","List counter_logs"
"GET","/erm/counter_registry","erm_counter_registry","listCounterRegisteredPlatforms","List platforms currently registered with the counter registry"
"GET","/erm/default_usage_reports","erm_default_usage_reports","listErmDefaultUsageReports","List default_usage_reports"
"GET","/erm/documents/{document_id}/file/content","erm_documents","downloadErmDocument","Download erm document"
"GET","/erm/eholdings/{provider}/packages","erm_eholdings_packages","listErmEHoldingsPackages","List packages"
"GET","/erm/eholdings/{provider}/packages/{package_id}","erm_eholdings_packages","getErmEHoldingsPackages","Get eHoldings package"
"GET","/erm/eholdings/{provider}/packages/{package_id}/resources","erm_eholdings_packages","listErmEHoldingsPackagesResources","List eholdings resources"
"GET","/erm/eholdings/{provider}/resources","erm_eholdings_resources","listErmEHoldingsResources","List eholdings resources"
"GET","/erm/eholdings/{provider}/resources/{resource_id}","erm_eholdings_resources","getErmEHoldingsResources","Get resources"
"GET","/erm/eholdings/{provider}/titles","erm_eholdings_titles","listErmEHoldingsTitles","List eholdings titles"
"GET","/erm/eholdings/{provider}/titles/{title_id}","erm_eholdings_titles","getErmEHoldingsTitles","Get titles"
"GET","/erm/eholdings/{provider}/titles/{title_id}/resources","erm_eholdings_titles","listErmEHoldingsTitlesResources","List eholdings resources"
"GET","/erm/eUsage/metric_types_report/{data_type}","erm_usage_reports","getERMUsageMetricTypesReport","get usage metric_types report"
"GET","/erm/eUsage/monthly_report/{data_type}","erm_usage_reports","getERMUsageMonthlyReport","get usage monthly report"
"GET","/erm/eUsage/provider_rollup_report/{data_type}","erm_usage_reports","getERMUsageProviderRollupReport","get usage provider rollup report"
"GET","/erm/eUsage/yearly_report/{data_type}","erm_usage_reports","getERMUsageYearlyReport","get usage yearly report"
"GET","/erm/extended_attribute_types","additional_fields","listErmAdditionalFields","List ERM extended attribute types"
"GET","/erm/licenses","erm_licences","listErmLicenses","List licenses for agreements"
"GET","/erm/licenses/{license_id}","erm_licences","getERMlicense","get license"
"GET","/erm/sushi_service","erm_sushi_service","getSushiService","Get the details for a sushi service from the counter registry"
"GET","/erm/usage_data_providers","erm_usage_data_providers","listErmUsageDataProviders","List usage_data_providers"
"GET","/erm/usage_data_providers/{erm_usage_data_provider_id}","erm_usage_data_providers","getERMUsageDataProvider","get usage_data_provider"
"GET","/erm/usage_data_providers/{erm_usage_data_provider_id}/test_connection","erm_usage_data_providers","testUsageDataProviderHarvester","Test this data provider's harvester"
"GET","/erm/usage_databases","erm_usage_databases","listErmUsageDatabases","List usage_databases"
"GET","/erm/usage_items","erm_usage_items","listErmUsageItems","List usage_items"
"GET","/erm/usage_platforms","erm_usage_platforms","listErmUsagePlatforms","List usage_platforms"
"GET","/erm/usage_titles","erm_usage_titles","listErmUsageTitles","List usage_titles"
"GET","/erm/users","erm_users","listERMUsers","List possibe users for ERM"
"GET","/extended_attribute_types","additional_fields","listAdditionalFields","List extended attribute types"
"GET","/holds","holds","listHolds","List holds"
"GET","/holds/{hold_id}/pickup_locations","holds","getHoldPickupLocations","Get valid pickup locations for hold"
"GET","/ill/backends","ill_backends","listIllBackends","List ILL backends"
"GET","/ill/backends/{ill_backend_id}","ill_backends","getIllBackends","Get ILL backend"
"GET","/ill/batches","ill_batches","listIllbatches","List ILL batches"
"GET","/ill/batches/{ill_batch_id}","ill_batches","getIllbatches","Get ILL batch"
"GET","/ill/batchstatuses","ill_batchstatuses","listIllbatchstatuses","List ILL batch statuses"
"GET","/ill/batchstatuses/{ill_batchstatus_code}","ill_batchstatuses","getIllbatchstatuses","Get ILL batch status"
"GET","/ill/iso18626_requesting_agencies","iso18626_requesting_agencies","listIso18626IllrequestingAgencies","List ISO18626 ILL requesting agencies"
"GET","/ill/iso18626_requesting_agencies/{iso18626_requesting_agency_id}","iso18626_requesting_agencies","getIso18626IllrequestingAgency","Retrieve a single ISO18626 ILL requesting agency"
"GET","/ill/iso18626_requests","iso18626_requests","listIso18626Illrequests","List ISO18626 ILL requests"
"GET","/ill/iso18626_requests/{iso18626_request_id}","iso18626_requests","getIso18626Illrequest","Retrieve a single ISO18626 ILL request"
"GET","/ill/requests","ill_requests","listIllrequests","List ILL requests"
"GET","/ill/users","ill_users","listILLUsers","List possibe users for ILL"
"GET","/import_batch_profiles","batch_import_profiles","listImportBatchProfiles","List batch import profiles"
"GET","/item_types","item_types","listItemTypes","List item types"
"GET","/items","items","listItems","List items"
"GET","/items/{item_id}","items","getItem","Get item"
"GET","/items/{item_id}/bookings","items","getItemBookings","Get existing bookings for an item"
"GET","/items/{item_id}/bundled_items","items","bundledItems","List bundled items"
"GET","/items/{item_id}/pickup_locations","items","getItemPickupLocations","Get valid pickup locations for an item"
"GET","/jobs","jobs","listJobs","List jobs"
"GET","/jobs/{job_id}","jobs","getJob","Get a job"
"GET","/libraries","libraries","listLibraries","List libraries"
"GET","/libraries/{library_id}","libraries","getLibrary","Get library"
"GET","/libraries/{library_id}/cash_registers","cash_registers","listLibraryCashRegisters","List the library's cash registers"
"GET","/libraries/{library_id}/closed_dates","libraries","listLibraryClosedDates","List closed dates for a library"
"GET","/libraries/{library_id}/desks","desks","listLibraryDesks","List the library's desks"
"GET","/oauth/login/{provider_code}/{interface}","oauth","loginOAuthClient","Login to OAuth provider"
"GET","/patron_categories","patron_categories","listPatronCategories","List patron categories"
"GET","/patrons","patrons","listPatrons","List patrons"
"GET","/patrons/{patron_id}","patrons","getPatron","Get patron"
"GET","/patrons/{patron_id}/account","patrons","getPatronAccount","Get account information for a patron"
"GET","/patrons/{patron_id}/account/credits","patrons","listPatronCredits","List patron credits"
"GET","/patrons/{patron_id}/account/credits/{credit_id}","patrons","getPatronCredit","Get a patron credit"
"GET","/patrons/{patron_id}/account/debits","patrons","listPatronDebits","List patron debits"
"GET","/patrons/{patron_id}/account/debits/{debit_id}","patrons","getPatronDebit","Get a patron debit"
"GET","/patrons/{patron_id}/checkouts","checkouts","getPatronCheckouts","List checkouts for a patron"
"GET","/patrons/{patron_id}/extended_attributes","patrons","getPatronAttributes","List extended attributes for a patron"
"GET","/patrons/{patron_id}/hold_groups","hold_groups","getPatronHoldGroups","List hold groups for a patron"
"GET","/patrons/{patron_id}/holds","holds","getPatronHolds","List holds for a patron"
"GET","/patrons/{patron_id}/ill/requests","ill_requests","getPatronIllRequests","Get patron's ILL requests"
"GET","/patrons/{patron_id}/recalls","recalls","getPatronRecalls","List recalls for a patron"
"GET","/preservation/config","preservation","getPreservationconfig","get the Preservation config"
"GET","/preservation/processings","preservation","listPreservationProcessings","List processings"
"GET","/preservation/processings/{processing_id}","preservation","getPreservationProcessings","Get processing"
"GET","/preservation/trains","preservation","listPreservationTrains","List trains"
"GET","/preservation/trains/{train_id}","preservation","getPreservationTrains","Get train"
"GET","/preservation/trains/{train_id}/items/{train_item_id}","preservation","getItemFromPreservationTrains","Get item from train"
"GET","/preservation/waiting-list/items","preservation","listItemsFromWaitingList","List items from waiting list"
"GET","/public/additional_contents","additional_contents","listAdditionalContents","List public additional contents"
"GET","/public/biblios/{biblio_id}","biblios","getBiblioPublic","Get biblio (public)"
"GET","/public/biblios/{biblio_id}/items","biblios|items","getBiblioItemsPublic",""
"GET","/public/checkouts/availability","checkouts","availabilityCheckoutsPublic","Get checkout availability"
"GET","/public/items","items","listItemsPublic","List items publically visible"
"GET","/public/libraries","libraries","listLibrariesPublic","List libraries"
"GET","/public/libraries/{library_id}","libraries","getLibraryPublic","Get library (public)"
"GET","/public/lists","lists","listListsPublic","List bibliographic lists"
"GET","/public/oauth/login/{provider_code}/{interface}","oauth","loginOAuthClientPublic","Login to OAuth provider"
"GET","/public/patrons/{patron_id}/ill/requests","ill_requests","getPublicPatronIllRequests","Get patron's ILL requests"
"GET","/public/patrons/{patron_id}/self_renewal","patrons","startSelfRenewal","List patrons"
"GET","/quotes","quotes","listQuotes","List quotes"
"GET","/quotes/{quote_id}","quotes","getQuote","Get quote"
"GET","/record_sources","record_sources","listRecordSources","List record sources"
"GET","/record_sources/{record_source_id}","record_sources","getRecordSources","Get a record source"
"GET","/rotas","stockrotation","listRotas","List rotas"
"GET","/rotas/{rota_id}","stockrotation","getRota","Get rota"
"GET","/search_filters","search_filters","listFilters","List search filters"
"GET","/search_filters/{search_filter_id}","search_filters","getSearchFilter","Get search filter"
"GET","/sip2/accounts","sip2_accounts","listSip2Accounts","List accounts"
"GET","/sip2/accounts/{sip_account_id}","sip2_accounts","getSip2Accounts","Get SIP2 account"
"GET","/sip2/institutions","sip2_institutions","listSip2Institutions","List institutions"
"GET","/sip2/institutions/{sip_institution_id}","sip2_institutions","getSip2Institutions","Get SIP2 institution"
"GET","/sip2/system_preference_overrides","sip2_system_preference_overrides","listSip2SystemPreferenceOverrides","List system preference overrides"
"GET","/sip2/system_preference_overrides/{sip_system_preference_override_id}","sip2_system_preference_overrides","getSipSystemPreferenceOverrides","Get SIP2 system preference overrides"
"GET","/status/version","status","getStatusVersion","Get Koha version information"
"GET","/suggestions","suggestions","listSuggestions","List purchase suggestions"
"GET","/suggestions/{suggestion_id}","suggestions","getSuggestion","Get purchase suggestion"
"GET","/suggestions/managers","suggestions","listSuggestionsManagers","List possibe managers for suggestions"
"GET","/sysprefs","sysprefs","listSysprefs","List system preferences"
"GET","/tickets","tickets","listTickets","List tickets"
"GET","/tickets/{ticket_id}","tickets","getTicket","Get ticket"
"GET","/tickets/{ticket_id}/updates","tickets","listTicketUpdates","List ticket updates"
"GET","/transfer_limits","transfer_limits","listTransferLimits","List transfer limits"
"PATCH","/bookings/{booking_id}","bookings","editBooking","Update booking"
"PATCH","/erm/eholdings/{provider}/packages/{package_id}","erm_eholdings_packages","editErmEHoldingsPackages","Edit a package"
"PATCH","/erm/eholdings/{provider}/resources/{resource_id}","erm_eholdings_resources","editErmEHoldingsResources","Edit a resource"
"PATCH","/holds/{hold_id}","holds","editHold","Update hold"
"PATCH","/ill/iso18626_requests/{iso18626_request_id}","iso18626_requests","editIso18626Illrequest","Edit a single ISO18626 ILL request"
"PATCH","/patrons/{patron_id}/extended_attributes/{extended_attribute_id}","patrons","updatePatronAttribute","Update extended attribute"
"POST","/acquisitions/baskets","baskets","addBasket","Add basket"
"POST","/acquisitions/orders","orders","addOrder","Add order"
"POST","/acquisitions/vendors","vendors","addVendor","Add vendor"
"POST","/advanced_editor/macros","macros","addAdvancedEditorMacro","Add advanced editor macros"
"POST","/advanced_editor/macros/shared","macros","addsharedAdvancedEditorMacro","Add shared advanced editor macros"
"POST","/auth/identity_providers","identity_providers","addIdentityProvider","Add a new identity provider"
"POST","/auth/identity_providers/{identity_provider_id}/domains","identity_providers","addIdentityProviderDomain","Add an identity provider domain"
"POST","/auth/otp/token_delivery","2fa","send_otp_token","Send OTP token for second step authentication"
"POST","/auth/password/validation","patrons","validateUserAndPassword","Check validity of username and password"
"POST","/auth/two-factor/registration","2fa","Two factor register","Generate a secret"
"POST","/auth/two-factor/registration/verification","2fa","Two factor register verification","Verify two-factor registration"
"POST","/authorities","authorities","addAuthority","Add authority"
"POST","/biblios","biblios","addBiblio","Add biblio"
"POST","/biblios/{biblio_id}/item_groups","item_groups","addItemGroup","Add item group"
"POST","/biblios/{biblio_id}/item_groups/{item_group_id}/items","item_groups","addItemGroupItem","Add item to item group"
"POST","/biblios/{biblio_id}/items","biblios","addBiblioItem","Add an item for a biblio"
"POST","/biblios/{biblio_id}/merge","biblios","mergeBiblios","Merge Biblios"
"POST","/bookings","bookings","addBooking","Add booking"
"POST","/checkouts","checkouts|patrons","addCheckout","Add a new checkout"
"POST","/checkouts/{checkout_id}/renewal","checkouts","renewCheckout","Renew a checkout"
"POST","/checkouts/{checkout_id}/renewals","checkouts","renewsCheckout","Renew a checkout"
"POST","/cities","cities","addCity","Add city"
"POST","/clubs/{club_id}/holds","clubs","addClubHold","Add a club hold"
"POST","/config/file_transports","file_transports","addFileTransportServer","Add File transport"
"POST","/config/smtp_servers","smtp_servers","addSMTPServer","Add SMTP server"
"POST","/erm/agreements","erm_agreements","addErmAgreements","Add agreement"
"POST","/erm/default_usage_reports","erm_default_usage_reports","addErmDefaultUsageReports","Add default_usage_report"
"POST","/erm/eholdings/{provider}/packages","erm_eholdings_packages","addErmEHoldingsPackages","Add package"
"POST","/erm/eholdings/{provider}/titles","erm_eholdings_titles","addErmEHoldingsTitles","Add eholding"
"POST","/erm/eholdings/local/titles/import","erm_eholdings_titles","importErmEHoldingsTitles","Import local titles"
"POST","/erm/eholdings/local/titles/import_kbart","erm_eholdings_titles","importErmEHoldingsTitlesFromKbart","Import local titles from a KBART file"
"POST","/erm/licenses","erm_licences","addERMLicenses","Add license"
"POST","/erm/usage_data_providers","erm_usage_data_providers","addErmUsageDataProviders","Add usage_data_provider"
"POST","/erm/usage_data_providers/{erm_usage_data_provider_id}/process_COUNTER_file","erm_usage_data_providers","processCOUNTERFileUsageDataProviderHarvester","Process COUNTER file upload for this data provider's harvester"
"POST","/erm/usage_data_providers/{erm_usage_data_provider_id}/process_SUSHI_response","erm_usage_data_providers","processSUSHICounterUsageDataProviderHarvester","Process SUSHI COUNTER for this data provider's harvester"
"POST","/holds","holds","addHold","Place hold"
"POST","/holds/{hold_id}/suspension","holds","suspendHold","Suspend the hold"
"POST","/holds/suspension_bulk","holds","suspendHoldBulk","Suspend the holds"
"POST","/ill/batches","ill_batches","addIllbatch","Add ILL batch"
"POST","/ill/batchstatuses","ill_batchstatuses","addIllbatchstatus","Add ILL batch status"
"POST","/ill/iso18626_requesting_agencies","iso18626_requesting_agencies","addIso18626IllrequestingAgencies","Add ISO18626 requesting agency"
"POST","/ill/requests","ill_requests","addIllrequest","Add ILL request"
"POST","/import_batch_profiles","batch_import_profiles","addImportBatchProfiles","Add batch import profile"
"POST","/items/{item_id}/bundled_items","items","addToBundle","Add item to bundle"
"POST","/libraries","libraries","addLibrary","Add library"
"POST","/oauth/token","oauth","tokenOAuth","Get access token"
"POST","/patron_categories","categories","addCategory","Add category"
"POST","/patrons","patrons","addPatron","Add patron"
"POST","/patrons/{patron_id}/account/credits","patrons","addPatronCredit","Add credit to a patron's account"
"POST","/patrons/{patron_id}/account/debits","patrons","addPatronDebit","Add debit to a patron's account"
"POST","/patrons/{patron_id}/extended_attributes","patrons","addPatronAttribute","Add extended attribute for a patron"
"POST","/patrons/{patron_id}/hold_groups","hold_groups","addPatronHoldGroups","Add hold group. May contain hold ids of existing holds"
"POST","/patrons/{patron_id}/hold_groups/{hold_group_id}/cancel","hold_groups","cancelPatronHoldGroup","Cancel all holds within a hold group"
"POST","/patrons/{patron_id}/password","patrons","setPatronPassword","Set password for a patron"
"POST","/preservation/processings","preservation","addPreservationProcessings","Add processing"
"POST","/preservation/trains","preservation","addPreservationTrains","Add train"
"POST","/preservation/trains/{train_id}/items","preservation","addItemToTrain","Add item to train"
"POST","/preservation/trains/{train_id}/items/{train_item_id}/copy","preservation","copyItemToAnotherTrain","Copy an item to an other train"
"POST","/preservation/trains/{train_id}/items/batch","preservation","addItemsToTrain","Add items to train"
"POST","/preservation/waiting-list/items","preservation","addItemsToWaitingList","Add items to waiting list"
"POST","/public/biblios/{biblio_id}/ratings","biblios","setBiblioRating","set biblio rating (public)"
"POST","/public/csp-reports","csp-reports","addCSPReport","Report a Content-Security-Policy violation"
"POST","/public/ill/iso18626","iso18626","ISO18626message","ISO18626 message"
"POST","/public/patrons/{patron_id}/checkouts","checkouts|patrons","addCheckoutPublic","Add a new checkout (public)"
"POST","/public/patrons/{patron_id}/password","patrons","setPatronPasswordPublic","Set password for a patron (public)"
"POST","/public/patrons/{patron_id}/self_renewal","patrons","submitSelfRenewal","Submit self-renewal form"
"POST","/public/tickets","tickets","addTicketPublic","Add ticket"
"POST","/quotes","quotes","addQuote","Add quote"
"POST","/record_sources","record_sources","addRecordSources","Add a record source"
"POST","/return_claims","return_claims","claimReturned","Add a return claim"
"POST","/rotas","stockrotation","addRota","Add rota"
"POST","/search_filters","search_filters","addSearchFilter","Add search filter"
"POST","/sip2/accounts","sip2_accounts","addSip2Accounts","Add accounts"
"POST","/sip2/institutions","sip2_institutions","addSip2Institutions","Add institutions"
"POST","/sip2/system_preference_overrides","sip2_system_preference_overrides","addSip2SystemPreferenceOverrides","Add system preference overrides"
"POST","/suggestions","suggestions","addSuggestions","Add a purchase suggestion"
"POST","/tickets","tickets","addTicket","Add ticket"
"POST","/tickets/{ticket_id}/updates","tickets","addTicketUpdate","Add an update to the ticket"
"POST","/transfer_limits","transfer_limits","addTransferLimit","Add a transfer limit"
"POST","/transfer_limits/batch","transfer_limits","batchAddTransferLimits","Batch add transfer limits"
"PUT","/acquisitions/orders/{order_id}","orders","updateOrder","Update order"
"PUT","/acquisitions/vendors/{vendor_id}","vendors","updateVendor","Update vendor"
"PUT","/advanced_editor/macros/{advancededitormacro_id}","macros","updateAdvancedEditorMacro","Update advanced editor macro"
"PUT","/advanced_editor/macros/shared/{advancededitormacro_id}","macros","updatesharedAdvancedEditorMacro","Update shared advanced editor macro"
"PUT","/auth/identity_providers/{identity_provider_id}","identity_providers","updateIdentityProvider","Update an identity provider"
"PUT","/auth/identity_providers/{identity_provider_id}/domains/{identity_provider_domain_id}","identity_providers","updateIdentityProviderDomain","Update an identity provider domain"
"PUT","/authorities/{authority_id}","authorities","updateAuthority","Update authority"
"PUT","/biblios/{biblio_id}","biblios","updateBiblio","Update biblio"
"PUT","/biblios/{biblio_id}/item_groups/{item_group_id}","item_groups","updateItemGroup","Update item group"
"PUT","/biblios/{biblio_id}/items/{item_id}","biblios","updateBiblioItem","Update an item for a biblio"
"PUT","/bookings/{booking_id}","bookings","updateBooking","Update booking"
"PUT","/circulation_rules","circulation_rules","setCirculationRules","Update circulation rules"
"PUT","/cities/{city_id}","cities","updateCity","Update city"
"PUT","/config/file_transports/{file_transport_id}","file_transports","updateFileTransportServer","Update File transport"
"PUT","/config/smtp_servers/{smtp_server_id}","smtp_servers","updateSMTPServer","Update SMTP server"
"PUT","/deleted/biblios/{biblio_id}","biblios","restoreDeletedBiblio","Restore deleted biblio"
"PUT","/deleted/items/{item_id}","items","restoreDeletedItem","Restore deleted item"
"PUT","/erm/agreements/{agreement_id}","erm_agreements","updateErmAgreements","Update agreement"
"PUT","/erm/eholdings/{provider}/packages/{package_id}","erm_eholdings_packages","updateErmEHoldingsPackages","Update eHoldings package"
"PUT","/erm/eholdings/{provider}/titles/{title_id}","erm_eholdings_titles","updateErmEHoldingsTitles","Update titles"
"PUT","/erm/licenses/{license_id}","erm_licences","updateERMlicenses","update license"
"PUT","/erm/usage_data_providers/{erm_usage_data_provider_id}","erm_usage_data_providers","updateERMUsageDataProviders","update usage_data_provider"
"PUT","/holds/{hold_id}","holds","overwriteHold","Update hold"
"PUT","/holds/{hold_id}/lowest_priority","holds","toggleLowestPriority","Toggle holds lowest priority"
"PUT","/holds/{hold_id}/pickup_location","holds","updateHoldPickupLocation","Update pickup location for the hold"
"PUT","/holds/{hold_id}/priority","holds","updateHoldPriority","Update priority for the hold"
"PUT","/ill/batches/{ill_batch_id}","ill_batches","updateIllBatch","Update batch"
"PUT","/ill/batchstatuses/{ill_batchstatus_code}","ill_batchstatuses","updateIllBatchstatus","Update batch status"
"PUT","/ill/iso18626_requesting_agencies/{iso18626_requesting_agency_id}","iso18626_requesting_agencies","updateIso18626IllrequestingAgency","Update ISO18626 ILL requesting agency"
"PUT","/import_batch_profiles/{import_batch_profile_id}","batch_import_profiles","editImportBatchProfiles","Update batch import profile"
"PUT","/import_batches/{import_batch_id}/records/{import_record_id}/matches/chosen","import_batches","setChosen","Set the chosen match for an import record ID"
"PUT","/libraries/{library_id}","libraries","updateLibrary","Update library"
"PUT","/patrons/{patron_id}","patrons","updatePatron","Update patron"
"PUT","/patrons/{patron_id}/extended_attributes","patrons","overwritePatronAttributes","Overwrite extended attributes for a patron"
"PUT","/patrons/{patron_id}/password/expiration_date","patrons","setPatronPasswordExpiration","Set password expiration for a patron"
"PUT","/preservation/processings/{processing_id}","preservation","updatePreservationProcessings","Update processing"
"PUT","/preservation/trains/{train_id}","preservation","updatePreservationTrains","Update train"
"PUT","/preservation/trains/{train_id}/items/{train_item_id}","preservation","updateItemFromTrain","Update item from train"
"PUT","/public/patrons/{patron_id}/guarantors/can_see_charges","patrons","setPatronGuarantorsCanSeeCharges","Set if guarantors can see charges (public)"
"PUT","/public/patrons/{patron_id}/guarantors/can_see_checkouts","patrons","setPatronGuarantorsCanSeeCheckouts","Set if guarantors can see checkouts"
"PUT","/quotes/{quote_id}","quotes","updateQuote","Update quote"
"PUT","/record_sources/{record_source_id}","record_sources","updateRecordSources","Update a record source"
"PUT","/return_claims/{claim_id}/notes","return_claims","updateClaimNotes","Update notes"
"PUT","/return_claims/{claim_id}/resolve","return_claims","updateClaimResolve","Resolve claim"
"PUT","/rotas/{rota_id}","stockrotation","updateRota","Update rota"
"PUT","/rotas/{rota_id}/stages/{stage_id}/position","stockrotation","moveStage","Update stage"
"PUT","/search_filters/{search_filter_id}","search_filters","updateSearchFilter","Update search filter"
"PUT","/sip2/accounts/{sip_account_id}","sip2_accounts","updateSip2Accounts","Update account"
"PUT","/sip2/institutions/{sip_institution_id}","sip2_institutions","updateSip2Institutions","Update institution"
"PUT","/sip2/system_preference_overrides/{sip_system_preference_override_id}","sip2_system_preference_overrides","updateSip2SystemPreferenceOverrides","Update system preference override"
"PUT","/suggestions/{suggestion_id}","suggestions","updateSuggestion","Update purchase suggestion"
"PUT","/tickets/{ticket_id}","tickets","updateTicket","Update ticket"
